{"cameraMode":{"drawMode":0,"name":"Shaded","section":"Shading Mode"},"sceneLighting":false,"audioPlay":false,"sceneViewState":{"m_AlwaysRefresh":false,"showFog":true,"showSkybox":false,"showFlares":true,"showImageEffects":true,"showParticleSystems":true,"showVisualEffectGraphs":true,"m_FxEnabled":true},"in2DMode":false,"pivot":{"x":-21.399999618530275,"y":4.320000171661377,"z":-1.0700000524520875},"rotation":{"x":0.01199777889996767,"y":-0.017997879534959794,"z":0.00021598170860670507,"w":0.9997665286064148},"size":0.8660253882408142,"orthographic":true}