{"cameraMode":{"drawMode":0,"name":"Shaded","section":"Shading Mode"},"sceneLighting":false,"audioPlay":false,"sceneViewState":{"m_AlwaysRefresh":false,"showFog":true,"showSkybox":false,"showFlares":true,"showImageEffects":true,"showParticleSystems":true,"showVisualEffectGraphs":true,"m_FxEnabled":true},"in2DMode":false,"pivot":{"x":-2.700000047683716,"y":11.399999618530274,"z":0.41999995708465578},"rotation":{"x":0.014986210502684117,"y":0.04198295623064041,"z":-0.0006298001389950514,"w":0.9990056157112122},"size":2.181765079498291,"orthographic":true}