{"cameraMode":{"drawMode":0,"name":"Shaded","section":"Shading Mode"},"sceneLighting":false,"audioPlay":false,"sceneViewState":{"m_AlwaysRefresh":false,"showFog":true,"showSkybox":false,"showFlares":true,"showImageEffects":true,"showParticleSystems":true,"showVisualEffectGraphs":true,"m_FxEnabled":true},"in2DMode":false,"pivot":{"x":-962.8880615234375,"y":-535.0947875976563,"z":-1.090000033378601},"rotation":{"x":0.0014997365651652217,"y":0.01649906113743782,"z":-0.000024791734176687896,"w":0.9998690485954285},"size":38.47489547729492,"orthographic":true}